issue_id,priority,category,summary,root_cause,owner,affected_paths,evidence_class,dependency,target_phase,exit_test,readme_correction,status
ISS-001,P0,Artifacts & Provenance,Feature contract hash mismatch between LF line endings (702ff415...) and Windows CRLF (265cffbb...),Git checked out feature_names.json with CRLF on Windows while Linux/CI/Docker and manifests hashed LF bytes,Release Engineer,".gitattributes, models/v3/feature_names.json, models/v3/artifact_manifest.json, backend/app/core/release_manifest.json",REPRODUCED,None,Phase 01,python scripts/verify_artifacts.py; pytest backend/tests/test_v3_feature_contract_authority.py,Declare canonical LF SHA-256 (702ff415...) and enforce .gitattributes,RESOLVED_IN_PHASE_01
ISS-002,P0,Governance & Backlog,Authoritative correction and issue register missing from public checkout,Historical merge lacked centralized machine-readable issue register tracking all audit findings,Lead Architect,"manifests/VEYRA_V3_MERGE_CORRECTION_AND_FULL_ISSUE_REGISTER.csv, phases/",REPRODUCED,None,Phase 01,python scripts/gate_test_phase01_roadmap.py,Document authoritative correction register location and ownership mapping,RESOLVED_IN_PHASE_01
ISS-003,P0,Governance & Baseline,Baseline evidence freeze missing for active post-repair commit d2b064a,Prior baseline audit was pinned to stale commit c9903fa and did not reflect current test baseline,Release Engineer,"manifests/phase01_baseline_inventory.json, audit/phase01_baseline_evidence.md",REPRODUCED,ISS-001,Phase 01,python scripts/gate_test_phase01_roadmap.py,Update baseline badges and documentation to current active SHA,RESOLVED_IN_PHASE_01
ISS-004,P0,Documentation & Truth,README outruns runtime with outdated test badges and uncalibrated claims,"Manual badge edits drifted from active test execution counts (954 backend, 111 frontend)",Documentation Custodian,README.md,REPRODUCED,ISS-003,Phase 01,python scripts/gate_test_phase01_roadmap.py,Align badges and text to exact passing counts and active roadmap evidence classes,RESOLVED_IN_PHASE_01
ISS-005,P0,Environment & Reproducibility,Clean clone installation lacks pinned reproducible dependencies lockfiles,Unpinned secondary packages allow upstream version shift (e.g. scikit-learn 1.7 vs 1.9 unpickling warnings),Environment Specialist,"requirements.txt, pyproject.toml, frontend/package-lock.json",DOCUMENTATION_ONLY,Phase 01,Phase 02,python scripts/verify_environment.py,Document exact supported Python 3.10+ and Node 20+ installation commands,OPEN
ISS-006,P0,Tooling & Reproduction,Gate scripts fail when executed outside parent workspace due to hardcoded directory assumptions,Gate scripts checked for repos/repo_a and repos/repo_b instead of self-contained root,DevOps Engineer,"scripts/gate_test_step1.py, scripts/gate_test_phase0.py, scripts/gate_test_phase2.py",REPRODUCED,Phase 01,Phase 02,python scripts/clean_clone_reproduction.py --mode git; python scripts/clean_clone_reproduction.py --mode archive,Document clean-clone reproduction from isolated temporary directory,RESOLVED_IN_PHASE_01
ISS-007,P0,Release Authority,Multiple release manifests and candidate SHA records create authority drift,backend/app/core/release_manifest.json and manifests/v3_release_manifest.json duplicate entries,Release Engineer,"backend/app/core/release_manifest.json, manifests/v3_release_manifest.json",REPRODUCED,Phase 02,Phase 03,python scripts/verify_artifacts.py; python scripts/run_release_gates.py,Designate backend/app/core/release_manifest.json as single authoritative source,OPEN
ISS-008,P0,Provenance & Governance,Stale historical Repository B commit SHAs present in manifests and gates,audit-repo-b-82eded8 was ancestor; candidate tag points to historical commit,Release Engineer,"manifests/candidate_sha.txt, backend/app/core/release_manifest.json",REPRODUCED,Phase 02,Phase 03,python scripts/gate_test_phase0.py,Update release manifest git provenance to current active lineage,OPEN
ISS-009,P0,Code Quality & Packaging,Circular imports between backend.app.ml.artifacts and backend.app.services,ML artifacts module imported model services while services imported artifacts,Backend Architect,"backend/app/ml/artifacts.py, backend/app/services/",REPRODUCED,Phase 03,Phase 04,python -m pytest backend/tests -q; python scripts/smoke_test_ml.py,Document decoupled ML artifact loading architecture,OPEN
ISS-010,P1,Adapters & Integration,OpenMeteo provider adapter passed unsupported kwargs to WeatherService.get_forecast,"Adapter called get_forecast(location, variable, lead_hours) instead of location only",Backend Engineer,"backend/app/adapters/openmeteo_adapter.py, backend/tests/test_day37_provider_adapters.py",REPRODUCED,None,Phase 04,pytest backend/tests/test_day37_provider_adapters.py,Document provider adapter candidate record resolution pattern,RESOLVED_IN_PHASE_01
ISS-011,P0,Frontend/Backend Parity,verify_frontend_backend_parity.py does not autonomously manage API server lifecycle,Script requires pre-running backend on port 8000 and crashes if port is closed,Fullstack Engineer,scripts/verify_frontend_backend_parity.py,DOCUMENTATION_ONLY,Phase 03,Phase 04,python scripts/verify_frontend_backend_parity.py,Add automatic background test server management to parity verifier,OPEN
ISS-012,P0,Safety Contracts,Selective grafting of Repo A safe model-unavailable abstention and UTC time contracts,Need strict safety contracts to prevent reckless default predictions when weights are missing,Safety Architect,"backend/app/middleware/, backend/app/schemas/",REPRODUCED,Phase 03,Phase 04,pytest backend/tests/test_v3_failure_safety.py,Document safe abstention taxonomy and model authority route,OPEN
ISS-013,P1,Data & Lineage,Immutable issue-time data contract and observation sealing verification,Training and validation datasets must enforce immutable cryptographic hashes and source QC,Data Custodian,"data/, backend/app/core/issue_time.py",SUPPORTED_BY_TEST_FIXTURE_ONLY,Phase 04,Phase 05,python scripts/gate_test_phase5.py,"Document data lineage, quality control flags, and missing data contracts",OPEN
ISS-014,P1,Scientific Safety,Temporal feature leakage gate and embargo window enforcement,Must prove that future reanalysis or observations never leak into t0 forecast feature vectors,ML Research Scientist,"backend/app/ml/feature_extractor.py, backend/tests/test_leakage.py",SUPPORTED_BY_TEST_FIXTURE_ONLY,Phase 04,Phase 05,pytest backend/tests/test_leakage_invariants.py,Disclose 14-day purge and 21-day embargo window guarantees,OPEN
ISS-015,P1,Replay Integrity,Strict separation between physical historical replay and synthetic digital-twin simulation,Synthetic simulation must never be presented as proof of real-world atmospheric bust skill,Replay Engineer,"scripts/replay_historical.py, scripts/replay_digital_twin.py",REPRODUCED,Phase 05,Phase 06,python scripts/replay_historical.py --mode historical; python scripts/replay_digital_twin.py --mode synthetic,Clarify that digital-twin replay operates in explicit synthetic simulation mode,RESOLVED_IN_PHASE_01
ISS-016,P1,Scientific Validation,Held-out real historical event datasets for empirical evaluation,Current historical evaluation relies partly on test fixtures rather than national archive logs,Atmospheric Scientist,"data/evaluation/, demo/replay_case/",SUPPORTED_BY_TEST_FIXTURE_ONLY,Phase 05,Phase 06,pytest backend/tests/test_historical_reforecast_eval.py,Acknowledge fixture-backed status for historical episodes until field-tested,OPEN
ISS-017,P1,Hazard Specialists,6 Hazard specialists currently implemented as formula baselines lacking trained weights,"Specialists use heuristic threshold rules (CAPE, pressure drops) rather than trained models",Domain Specialist Lead,"backend/app/services/hazard_specialists.py, models/v3/",EXPERIMENTAL_FORMULA_BASELINE,Phase 06,Phase 07,python scripts/check_production_specialists.py,Explicitly label hazard specialists as FORMULA_BASELINE / EXPERIMENTAL,OPEN
ISS-018,P1,Promotion Boundaries,Specialist promotion gate G8 must block unvalidated models from serving traffic,Need automated enforcement ensuring only models passing empirical benchmarks are promoted,Release Engineer,"scripts/check_production_specialists.py, scripts/gate_test_phase6.py",REPRODUCED,ISS-017,Phase 07,python scripts/check_production_specialists.py --fail-on-unvalidated-promotion,Document promotion governance rules and containment criteria,OPEN
ISS-019,P1,Uncertainty Quantification,Conformal prediction coverage demonstrated on fixtures rather than held-out spatial truth,Split-conformal calibration requires independent held-out spatial station data for 100% credit,ML Research Scientist,"backend/app/ml/conformal.py, backend/tests/test_conformal.py",SUPPORTED_BY_TEST_FIXTURE_ONLY,Phase 06,Phase 07,pytest backend/tests/test_day24_probabilistic_intelligence.py,Classify conformal coverage guarantees under appropriate evidence class,OPEN
ISS-020,P1,Provider Intelligence,Cross-provider disagreement and ensemble spread validation on aligned live feeds,Secondary provider data currently demonstrated via synthetic/fixture provider adapter,Data Integration Engineer,"backend/app/adapters/fixture_second_provider_adapter.py, data/cross_system_evidence.json",SUPPORTED_BY_TEST_FIXTURE_ONLY,Phase 07,Phase 08,pytest backend/tests/test_day38_cross_provider_disagreement.py,Disclose fixture-backed status of secondary provider comparisons,OPEN
ISS-021,P1,Spatial Intelligence,Spatial network topology and propagation evaluated on synthetic graph coordinates,Real-time spatial propagation requires paired national radar/AWS station network telemetry,Spatial Systems Engineer,"backend/app/services/spatial_service.py, data/spatial_network_topology.json",SUPPORTED_BY_TEST_FIXTURE_ONLY,Phase 07,Phase 08,pytest backend/tests/test_spatial_reliability.py,Document 25-station spatial certification scope and fixture boundaries,OPEN
ISS-022,P0,CI/CD & Automation,"CI GitHub Actions workflow must run all backend/frontend, artifact, and release gates",Existing CI workflow ran partial checks and did not test archive-mode reproduction,DevOps Engineer,.github/workflows/ci.yml,REPRODUCED,Phase 08,Phase 09,python scripts/run_release_gates.py,Display CI test matrix results and automated pipeline evidence,OPEN
ISS-023,P0,Frontend & E2E,Frontend end-to-end browser verification of all 9 trust and provenance states,"Need comprehensive automated tests covering HIGH_CONFIDENCE, ABSTAINED, OOD, and UNAVAILABLE states",Frontend Engineer,"frontend/src/test/Dashboard.test.tsx, frontend/src/components/",REPRODUCED,Phase 08,Phase 09,npm test --prefix frontend,Document all 9 UI trust-state representations in user manual,OPEN
ISS-024,P0,Operations & Rollback,Rollback governance and runbook determinism verification (Gate G16),"Need automated test verifying rapid, non-destructive fallback to baseline model in incident scenario",Site Reliability Engineer,"manifests/rollback_procedure.md, scripts/run_operational_gate.py",REPRODUCED,Phase 08,Phase 09,python scripts/run_release_gates.py,Publish authoritative rollback instructions and recovery time objective (<15s),OPEN
ISS-025,P0,Submission Readiness,Public git tag clean-clone reproduction verification by external reviewer,Submission requires proving that an independent judge cloning at tag achieves identical results,Lead Architect,"scripts/clean_clone_reproduction.py, manifests/candidate_sha.txt",REPRODUCED,Phase 09,Phase 10,python scripts/clean_clone_reproduction.py --tag sih-round2-submission-v1.0.0,"Record final submission SHA, tag, evidence package hash, and reviewer instructions",OPEN
ISS-026,P0,Scientific Disclosure,Truth-bounded evidence disclosures across all 19 claims in final submission,Avoid evidence inflation: ensure REPRODUCED vs FIXTURE vs EXPERIMENTAL claims are strictly separated,Lead Architect,"manifests/claim_register.csv, docs/VEYRA_VERSION3_Problem_Repair_Current_Verification_Report.md",REPRODUCED,Phase 09,Phase 10,python scripts/validate_claim_register.py --input manifests/claim_register.csv,Publish complete truth-bounded claim table with zero unverified claims,OPEN
